Workbook

Sheet 说明
A1: Hibi · 宜忌词典
A3: 这是什么 | B3: 每天的宜、忌由真实黄历算出（lunar-javascript，2026–2030 五年里一共出现 114 个老词）。面板上不显示老词，只显示你在「词典」里为它写的现代版。
A4: 方向 | B4: A day for = 照顾自己：休息、喝水、运动、看云、联系家人和朋友。 Not for today = 拼命、激进、功利，或为还没发生的事焦虑。
A5: 你要改的 | B5: 只改「词典」里黄色的四列（E–H）：中文 4 个字，英文尽量不超过 26 个字符。I 列会自动提示字数问题。
A6: 留空 | B6: 把某个格子清空 = 这个老词在那一侧永远不会被选中。
A7: 灰色格子 | B7: 这个老词从不出现在那一侧（例如「解除」从来不是忌），不用填。
A8: 次数 | B8: C、D 列是五年里出现的天数。次数越高越常被选到，建议先改排在前面的。
A9: 特殊日 | B9: 诸事不宜：当天的宜只有这一条（约每年 3 天）。无：当天没有忌（约每年 11 天）。馀事勿取：只是修饰语，不会被选中。
A10: 怎么选 | B10: 每天从当天真实的宜、忌列表里，各挑一个有现代版的老词；同一日期在任何设备上结果都一样，并尽量避开过去一周出现过的。
A11: 预览 | B11: 「预览」页是从 2026-10-16 起的 30 天。挑中的老词是固定的，现代版会跟着你在「词典」里的修改自动更新。
A12: 示例 | B12: 第一行「安葬」：古义是埋葬逝者，宜写成「放下旧事 / Let old things rest」，忌写成「埋头苦干 / Bury yourself in work」。

Sheet 词典
A1: 老词 | B1: 古义 | C1: 宜·次数 | D1: 忌·次数 | E1: A day for · 中文 | F1: A day for · English | G1: Not for today · 中文 | H1: Not for today · English | I1: 检查
A2: 安葬 | B2: 埋葬逝者 | C2: 612 | D2: 765 | E2: 放下旧事 | F2: Let old things rest | G2: 埋头苦干 | H2: Bury yourself in work | I2: =TRIM(IF(AND(E2<>"",LEN(E2)<>4),"宜不是4字 ","")&IF(AND(G2<>"",LEN(G2)<>4),"忌不是4字 ","")&IF(LEN(F2)>26,"宜英文偏长 ","")&IF(LEN(H2)>26,"忌英文偏长",""))
A3: 嫁娶 | B3: 结婚嫁娶 | C3: 633 | D3: 719 | E3: 拥抱家人 | F3: Hug your family | G3: 一口答应 | H3: Say yes to everything | I3: =TRIM(IF(AND(E3<>"",LEN(E3)<>4),"宜不是4字 ","")&IF(AND(G3<>"",LEN(G3)<>4),"忌不是4字 ","")&IF(LEN(F3)>26,"宜英文偏长 ","")&IF(LEN(H3)>26,"忌英文偏长",""))
A4: 祭祀 | B4: 祭拜祖先神明 | C4: 1212 | D4: 124 | E4: 打给爸妈 | F4: Call your parents | G4: 许愿暴富 | H4: Wish to get rich quick | I4: =TRIM(IF(AND(E4<>"",LEN(E4)<>4),"宜不是4字 ","")&IF(AND(G4<>"",LEN(G4)<>4),"忌不是4字 ","")&IF(LEN(F4)>26,"宜英文偏长 ","")&IF(LEN(H4)>26,"忌英文偏长",""))
A5: 入宅 | B5: 搬入新居 | C5: 474 | D5: 626 | E5: 窝在家里 | F5: Stay in and nest | G5: 与人攀比 | H5: Compare yourself | I5: =TRIM(IF(AND(E5<>"",LEN(E5)<>4),"宜不是4字 ","")&IF(AND(G5<>"",LEN(G5)<>4),"忌不是4字 ","")&IF(LEN(F5)>26,"宜英文偏长 ","")&IF(LEN(H5)>26,"忌英文偏长",""))
A6: 动土 | B6: 建房破土开工 | C6: 572 | D6: 440 | E6: 赤脚踩草 | F6: Walk barefoot on grass | G6: 大干一场 | H6: Go all in | I6: =TRIM(IF(AND(E6<>"",LEN(E6)<>4),"宜不是4字 ","")&IF(AND(G6<>"",LEN(G6)<>4),"忌不是4字 ","")&IF(LEN(F6)>26,"宜英文偏长 ","")&IF(LEN(H6)>26,"忌英文偏长",""))
A7: 开市 | B7: 店铺开张营业 | C7: 396 | D7: 574 | E7: 慢慢开工 | F7: Ease into the day | G7: 冲刺业绩 | H7: Chase your targets | I7: =TRIM(IF(AND(E7<>"",LEN(E7)<>4),"宜不是4字 ","")&IF(AND(G7<>"",LEN(G7)<>4),"忌不是4字 ","")&IF(LEN(F7)>26,"宜英文偏长 ","")&IF(LEN(H7)>26,"忌英文偏长",""))
A8: 破土 | B8: 为墓地挖土 | C8: 523 | D8: 401 | E8: 种点花草 | F8: Plant something | G8: 另起炉灶 | H8: Start yet another project | I8: =TRIM(IF(AND(E8<>"",LEN(E8)<>4),"宜不是4字 ","")&IF(AND(G8<>"",LEN(G8)<>4),"忌不是4字 ","")&IF(LEN(F8)>26,"宜英文偏长 ","")&IF(LEN(H8)>26,"忌英文偏长",""))
A9: 出行 | B9: 外出远行 | C9: 608 | D9: 215 | E9: 出门走走 | F9: Take a walk | G9: 赶来赶去 | H9: Rush from place to place | I9: =TRIM(IF(AND(E9<>"",LEN(E9)<>4),"宜不是4字 ","")&IF(AND(G9<>"",LEN(G9)<>4),"忌不是4字 ","")&IF(LEN(F9)>26,"宜英文偏长 ","")&IF(LEN(H9)>26,"忌英文偏长",""))
A10: 祈福 | B10: 祈求神明降福 | C10: 596 | D10: 195 | E10: 许个心愿 | F10: Make a small wish | G10: 患得患失 | H10: Fret over gains and losses | I10: =TRIM(IF(AND(E10<>"",LEN(E10)<>4),"宜不是4字 ","")&IF(AND(G10<>"",LEN(G10)<>4),"忌不是4字 ","")&IF(LEN(F10)>26,"宜英文偏长 ","")&IF(LEN(H10)>26,"忌英文偏长",""))
A11: 移徙 | B11: 搬家迁居 | C11: 524 | D11: 235 | E11: 起身走动 | F11: Get up and move | G11: 跳槽加薪 | H11: Job-hop for a raise | I11: =TRIM(IF(AND(E11<>"",LEN(E11)<>4),"宜不是4字 ","")&IF(AND(G11<>"",LEN(G11)<>4),"忌不是4字 ","")&IF(LEN(F11)>26,"宜英文偏长 ","")&IF(LEN(H11)>26,"忌英文偏长",""))
A12: 安床 | B12: 安放床铺 | C12: 473 | D12: 236 | E12: 早早入睡 | F12: Sleep early | G12: 熬夜加班 | H12: Stay up working | I12: =TRIM(IF(AND(E12<>"",LEN(E12)<>4),"宜不是4字 ","")&IF(AND(G12<>"",LEN(G12)<>4),"忌不是4字 ","")&IF(LEN(F12)>26,"宜英文偏长 ","")&IF(LEN(H12)>26,"忌英文偏长",""))
A13: 开光 | B13: 神像开光 | C13: 504 | D13: 205 | E13: 看看云朵 | F13: Watch the clouds | G13: 死盯数据 | H13: Obsess over metrics | I13: =TRIM(IF(AND(E13<>"",LEN(E13)<>4),"宜不是4字 ","")&IF(AND(G13<>"",LEN(G13)<>4),"忌不是4字 ","")&IF(LEN(F13)>26,"宜英文偏长 ","")&IF(LEN(H13)>26,"忌英文偏长",""))
... A20: 出火 | B20: 迁移神位香火 | C20: 329 | D20: 137 | E20: 晒晒太阳 | F20: Soak up the sun | G20: 火力全开 | H20: Go full throttle | I20: =TRIM(IF(AND(E20<>"",LEN(E20)<>4),"宜不是4字 ","")&IF(AND(G20<>"",LEN(G20)<>4),"忌不是4字 ","")&IF(LEN(F20)>26,"宜英文偏长 ","")&IF(LEN(H20)>26,"忌英文偏长",""))
A21: 解除 | B21: 扫舍、解除灾厄 | C21: 449 | D21: 0 | E21: 解开心结 | F21: Let something go | I21: =TRIM(IF(AND(E21<>"",LEN(E21)<>4),"宜不是4字 ","")&IF(AND(G21<>"",LEN(G21)<>4),"忌不是4字 ","")&IF(LEN(F21)>26,"宜英文偏长 ","")&IF(LEN(H21)>26,"忌英文偏长",""))
A22: 会亲友 | B22: 拜访亲友 | C22: 410 | D22: 27 | E22: 与友闲聊 | F22: Chat with a friend | G22: 只谈生意 | H22: Talk only business | I22: =TRIM(IF(AND(E22<>"",LEN(E22)<>4),"宜不是4字 ","")&IF(AND(G22<>"",LEN(G22)<>4),"忌不是4字 ","")&IF(LEN(F22)>26,"宜英文偏长 ","")&IF(LEN(H22)>26,"忌英文偏长",""))
A23: 栽种 | B23: 种植 | C23: 301 | D23: 136 | E23: 给花浇水 | F23: Water the plants | G23: 揠苗助长 | H23: Force things to grow | I23: =TRIM(IF(AND(E23<>"",LEN(E23)<>4),"宜不是4字 ","")&IF(AND(G23<>"",LEN(G23)<>4),"忌不是4字 ","")&IF(LEN(F23)>26,"宜英文偏长 ","")&IF(LEN(H23)>26,"忌英文偏长",""))
A24: 交易 | B24: 买卖交易 | C24: 376 | D24: 56 | E24: 互道近况 | F24: Swap news with someone | G24: 斤斤计较 | H24: Count every penny | I24: =TRIM(IF(AND(E24<>"",LEN(E24)<>4),"宜不是4字 ","")&IF(AND(G24<>"",LEN(G24)<>4),"忌不是4字 ","")&IF(LEN(F24)>26,"宜英文偏长 ","")&IF(LEN(H24)>26,"忌英文偏长",""))
A25: 立券 | B25: 订立契约 | C25: 407 | D25: 23 | E25: 提笔写字 | F25: Write by hand | G25: 把话说满 | H25: Overpromise | I25: =TRIM(IF(AND(E25<>"",LEN(E25)<>4),"宜不是4字 ","")&IF(AND(G25<>"",LEN(G25)<>4),"忌不是4字 ","")&IF(LEN(F25)>26,"宜英文偏长 ","")&IF(LEN(H25)>26,"忌英文偏长",""))
A26: 馀事勿取 | B26: 其余事都不宜（修饰语，不单独显示） | C26: 425 | D26: 5 | I26: =TRIM(IF(AND(E26<>"",LEN(E26)<>4),"宜不是4字 ","")&IF(AND(G26<>"",LEN(G26)<>4),"忌不是4字 ","")&IF(LEN(F26)>26,"宜英文偏长 ","")&IF(LEN(H26)>26,"忌英文偏长",""))
A27: 安门 | B27: 安装大门 | C27: 192 | D27: 187 | E27: 关门休息 | F27: Close the door and rest | G27: 来者不拒 | H27: Take on every request | I27: =TRIM(IF(AND(E27<>"",LEN(E27)<>4),"宜不是4字 ","")&IF(AND(G27<>"",LEN(G27)<>4),"忌不是4字 ","")&IF(LEN(F27)>26,"宜英文偏长 ","")&IF(LEN(H27)>26,"忌英文偏长",""))
A28: 纳畜 | B28: 买入家畜 | C28: 311 | D28: 64 | E28: 撸猫撸狗 | F28: Pet a cat or a dog | G28: 囤货抢购 | H28: Panic-buy and hoard | I28: =TRIM(IF(AND(E28<>"",LEN(E28)<>4),"宜不是4字 ","")&IF(AND(G28<>"",LEN(G28)<>4),"忌不是4字 ","")&IF(LEN(F28)>26,"宜英文偏长 ","")&IF(LEN(H28)>26,"忌英文偏长",""))
A29: 斋醮 | B29: 设坛祭祷 | C29: 241 | D29: 127 | E29: 发呆片刻 | F29: Stare into space | G29: 多线并行 | H29: Multitask everything | I29: =TRIM(IF(AND(E29<>"",LEN(E29)<>4),"宜不是4字 ","")&IF(AND(G29<>"",LEN(G29)<>4),"忌不是4字 ","")&IF(LEN(F29)>26,"宜英文偏长 ","")&IF(LEN(H29)>26,"忌英文偏长",""))
A30: 求嗣 | B30: 祈求子嗣 | C30: 364 | D30: 0 | E30: 找回童心 | F30: Play like a child | I30: =TRIM(IF(AND(E30<>"",LEN(E30)<>4),"宜不是4字 ","")&IF(AND(G30<>"",LEN(G30)<>4),"忌不是4字 ","")&IF(LEN(F30)>26,"宜英文偏长 ","")&IF(LEN(H30)>26,"忌英文偏长",""))
A31: 移柩 | B31: 移动灵柩 | C31: 349 | D31: 3 | E31: 换个姿势 | F31: Change your posture | G31: 连轴运转 | H31: Run nonstop | I31: =TRIM(IF(AND(E31<>"",LEN(E31)<>4),"宜不是4字 ","")&IF(AND(G31<>"",LEN(G31)<>4),"忌不是4字 ","")&IF(LEN(F31)>26,"宜英文偏长 ","")&IF(LEN(H31)>26,"忌英文偏长",""))
A32: 启钻 | B32: 开坟迁葬 | C32: 341 | D32: 10 | E32: 翻翻旧照 | F32: Look at old photos | G32: 翻看旧账 | H32: Dwell on the past | I32: =TRIM(IF(AND(E32<>"",LEN(E32)<>4),"宜不是4字 ","")&IF(AND(G32<>"",LEN(G32)<>4),"忌不是4字 ","")&IF(LEN(F32)>26,"宜英文偏长 ","")&IF(LEN(H32)>26,"忌英文偏长",""))
A33: 拆卸 | B33: 拆除旧屋 | C33: 333 | D33: 0 | E33: 卸下包袱 | F33: Put your burdens down | I33: =TRIM(IF(AND(E33<>"",LEN(E33)<>4),"宜不是4字 ","")&IF(AND(G33<>"",LEN(G33)<>4),"忌不是4字 ","")&IF(LEN(F33)>26,"宜英文偏长 ","")&IF(LEN(H33)>26,"忌英文偏长",""))
A34: 成服 | B34: 穿上丧服 | C34: 320 | D34: 12 | E34: 穿件软衣 | F34: Wear something soft | G34: 全副武装 | H34: Armor up for battle | I34: =TRIM(IF(AND(E34<>"",LEN(E34)<>4),"宜不是4字 ","")&IF(AND(G34<>"",LEN(G34)<>4),"忌不是4字 ","")&IF(LEN(F34)>26,"宜英文偏长 ","")&IF(LEN(H34)>26,"忌英文偏长",""))
A35: 除服 | B35: 脱下丧服 | C35: 324 | D35: 7 | E35: 换上睡衣 | F35: Change into pajamas | G35: 带病上班 | H35: Work while sick | I35: =TRIM(IF(AND(E35<>"",LEN(E35)<>4),"宜不是4字 ","")&IF(AND(G35<>"",LEN(G35)<>4),"忌不是4字 ","")&IF(LEN(F35)>26,"宜英文偏长 ","")&IF(LEN(H35)>26,"忌英文偏长",""))
A36: 起基 | B36: 打地基 | C36: 319 | D36: 11 | E36: 吃好早餐 | F36: Eat a proper breakfast | G36: 规划十年 | H36: Plan the next ten years | I36: =TRIM(IF(AND(E36<>"",LEN(E36)<>4),"宜不是4字 ","")&IF(AND(G36<>"",LEN(G36)<>4),"忌不是4字 ","")&IF(LEN(F36)>26,"宜英文偏长 ","")&IF(LEN(H36)>26,"忌英文偏长",""))
A37: 掘井 | B37: 挖井 | C37: 86 | D37: 244 | E37: 多喝点水 | F37: Drink more water | G37: 钻牛角尖 | H37: Overthink it | I37: =TRIM(IF(AND(E37<>"",LEN(E37)<>4),"宜不是4字 ","")&IF(AND(G37<>"",LEN(G37)<>4),"忌不是4字 ","")&IF(LEN(F37)>26,"宜英文偏长 ","")&IF(LEN(H37)>26,"忌英文偏长",""))
A38: 沐浴 | B38: 斋戒沐浴 | C38: 321 | D38: 0 | E38: 泡个热澡 | F38: Take a warm bath | I38: =TRIM(IF(AND(E38<>"",LEN(E38)<>4),"宜不是4字 ","")&IF(AND(G38<>"",LEN(G38)<>4),"忌不是4字 ","")&IF(LEN(F38)>26,"宜英文偏长 ","")&IF(LEN(H38)>26,"忌英文偏长",""))
A39: 盖屋 | B39: 盖房子 | C39: 173 | D39: 147 | E39: 窝进被窝 | F39: Burrow under the covers | G39: 层层加码 | H39: Keep raising the bar | I39: =TRIM(IF(AND(E39<>"",LEN(E39)<>4),"宜不是4字 ","")&IF(AND(G39<>"",LEN(G39)<>4),"忌不是4字 ","")&IF(LEN(F39)>26,"宜英文偏长 ","")&IF(LEN(H39)>26,"忌英文偏长",""))
A40: 冠笄 | B40: 成年礼 | C40: 305 | D40: 7 | E40: 夸夸自己 | F40: Praise yourself | G40: 急于证明 | H40: Rush to prove yourself | I40: =TRIM(IF(AND(E40<>"",LEN(E40)<>4),"宜不是4字 ","")&IF(AND(G40<>"",LEN(G40)<>4),"忌不是4字 ","")&IF(LEN(F40)>26,"宜英文偏长 ","")&IF(LEN(H40)>26,"忌英文偏长",""))
A41: 纳财 | B41: 收进钱财 | C41: 292 | D41: 18 | E41: 收下好意 | F41: Accept a kindness | G41: 见钱眼开 | H41: Chase every dollar | I41: =TRIM(IF(AND(E41<>"",LEN(E41)<>4),"宜不是4字 ","")&IF(AND(G41<>"",LEN(G41)<>4),"忌不是4字 ","")&IF(LEN(F41)>26,"宜英文偏长 ","")&IF(LEN(H41)>26,"忌英文偏长",""))
A42: 伐木 | B42: 砍伐树木 | C42: 121 | D42: 159 | E42: 看看树叶 | F42: Look at the trees | G42: 牺牲睡眠 | H42: Trade sleep for work | I42: =TRIM(IF(AND(E42<>"",LEN(E42)<>4),"宜不是4字 ","")&IF(AND(G42<>"",LEN(G42)<>4),"忌不是4字 ","")&IF(LEN(F42)>26,"宜英文偏长 ","")&IF(LEN(H42)>26,"忌英文偏长",""))
A43: 牧养 | B43: 放牧饲养 | C43: 241 | D43: 13 | E43: 慢慢吃饭 | F43: Eat slowly | G43: 压榨自己 | H43: Squeeze yourself dry | I43: =TRIM(IF(AND(E43<>"",LEN(E43)<>4),"宜不是4字 ","")&IF(AND(G43<>"",LEN(G43)<>4),"忌不是4字 ","")&IF(LEN(F43)>26,"宜英文偏长 ","")&IF(LEN(H43)>26,"忌英文偏长",""))
A44: 进人口 | B44: 添丁、收养或雇人 | C44: 226 | D44: 26 | E44: 认识新友 | F44: Make a new friend | G44: 招兵买马 | H44: Scale up fast | I44: =TRIM(IF(AND(E44<>"",LEN(E44)<>4),"宜不是4字 ","")&IF(AND(G44<>"",LEN(G44)<>4),"忌不是4字 ","")&IF(LEN(F44)>26,"宜英文偏长 ","")&IF(LEN(H44)>26,"忌英文偏长",""))
A45: 治病 | B45: 求医治病 | C45: 185 | D45: 55 | E45: 照顾身体 | F45: Look after your body | G45: 小病硬扛 | H45: Ignore your aches | I45: =TRIM(IF(AND(E45<>"",LEN(E45)<>4),"宜不是4字 ","")&IF(AND(G45<>"",LEN(G45)<>4),"忌不是4字 ","")&IF(LEN(F45)>26,"宜英文偏长 ","")&IF(LEN(H45)>26,"忌英文偏长",""))
A46: 行丧 | B46: 办理丧事 | C46: 0 | D46: 225 | G46: 自我内耗 | H46: Wear yourself down | I46: =TRIM(IF(AND(E46<>"",LEN(E46)<>4),"宜不是4字 ","")&IF(AND(G46<>"",LEN(G46)<>4),"忌不是4字 ","")&IF(LEN(F46)>26,"宜英文偏长 ","")&IF(LEN(H46)>26,"忌英文偏长",""))
A47: 谢土 | B47: 完工后酬谢土地神 | C47: 157 | D47: 61 | E47: 道声谢谢 | F47: Say thank you | G47: 邀功请赏 | H47: Fish for credit | I47: =TRIM(IF(AND(E47<>"",LEN(E47)<>4),"宜不是4字 ","")&IF(AND(G47<>"",LEN(G47)<>4),"忌不是4字 ","")&IF(LEN(F47)>26,"宜英文偏长 ","")&IF(LEN(H47)>26,"忌英文偏长",""))
A48: 裁衣 | B48: 裁制新衣 | C48: 193 | D48: 14 | E48: 穿得舒服 | F48: Dress for comfort | G48: 冲动消费 | H48: Shop on impulse | I48: =TRIM(IF(AND(E48<>"",LEN(E48)<>4),"宜不是4字 ","")&IF(AND(G48<>"",LEN(G48)<>4),"忌不是4字 ","")&IF(LEN(F48)>26,"宜英文偏长 ","")&IF(LEN(H48)>26,"忌英文偏长",""))
A49: 竖柱 | B49: 竖立房柱 | C49: 199 | D49: 6 | E49: 站直舒展 | F49: Stand tall and stretch | G49: 死撑面子 | H49: Keep up appearances | I49: =TRIM(IF(AND(E49<>"",LEN(E49)<>4),"宜不是4字 ","")&IF(AND(G49<>"",LEN(G49)<>4),"忌不是4字 ","")&IF(LEN(F49)>26,"宜英文偏长 ","")&IF(LEN(H49)>26,"忌英文偏长",""))
A50: 理发 | B50: 剪发 | C50: 167 | D50: 38 | E50: 剪个头发 | F50: Get a haircut | G50: 熬到脱发 | H50: Grind till you go bald | I50: =TRIM(IF(AND(E50<>"",LEN(E50)<>4),"宜不是4字 ","")&IF(AND(G50<>"",LEN(G50)<>4),"忌不是4字 ","")&IF(LEN(F50)>26,"宜英文偏长 ","")&IF(LEN(H50)>26,"忌英文偏长",""))
A51: 捕捉 | B51: 捕捉害兽 | C51: 195 | D51: 1 | E51: 捉片落叶 | F51: Catch a falling leaf | G51: 抢占先机 | H51: Race to be first | I51: =TRIM(IF(AND(E51<>"",LEN(E51)<>4),"宜不是4字 ","")&IF(AND(G51<>"",LEN(G51)<>4),"忌不是4字 ","")&IF(LEN(F51)>26,"宜英文偏长 ","")&IF(LEN(H51)>26,"忌英文偏长",""))
A52: 安香 | B52: 安放香炉神位 | C52: 186 | D52: 7 | E52: 点支香薰 | F52: Light a scented candle | G52: 求神升职 | H52: Pray for a promotion | I52: =TRIM(IF(AND(E52<>"",LEN(E52)<>4),"宜不是4字 ","")&IF(AND(G52<>"",LEN(G52)<>4),"忌不是4字 ","")&IF(LEN(F52)>26,"宜英文偏长 ","")&IF(LEN(H52)>26,"忌英文偏长",""))
A53: 结网 | B53: 编织渔网 | C53: 192 | D53: 0 | E53: 织点东西 | F53: Knit something | I53: =TRIM(IF(AND(E53<>"",LEN(E53)<>4),"宜不是4字 ","")&IF(AND(G53<>"",LEN(G53)<>4),"忌不是4字 ","")&IF(LEN(F53)>26,"宜英文偏长 ","")&IF(LEN(H53)>26,"忌英文偏长",""))
A54: 安机械 | B54: 安装机器 | C54: 185 | D54: 0 | E54: 关掉通知 | F54: Turn off notifications | I54: =TRIM(IF(AND(E54<>"",LEN(E54)<>4),"宜不是4字 ","")&IF(AND(G54<>"",LEN(G54)<>4),"忌不是4字 ","")&IF(LEN(F54)>26,"宜英文偏长 ","")&IF(LEN(H54)>26,"忌英文偏长",""))
A55: 修坟 | B55: 修整坟墓 | C55: 114 | D55: 67 | E55: 打扫角落 | F55: Clean a quiet corner | G55: 反复返工 | H55: Redo it again and again | I55: =TRIM(IF(AND(E55<>"",LEN(E55)<>4),"宜不是4字 ","")&IF(AND(G55<>"",LEN(G55)<>4),"忌不是4字 ","")&IF(LEN(F55)>26,"宜英文偏长 ","")&IF(LEN(H55)>26,"忌英文偏长",""))
A56: 扫舍 | B56: 打扫房屋 | C56: 171 | D56: 6 | E56: 收拾书桌 | F56: Tidy your desk | G56: 卷个不停 | H56: Hustle nonstop | I56: =TRIM(IF(AND(E56<>"",LEN(E56)<>4),"宜不是4字 ","")&IF(AND(G56<>"",LEN(G56)<>4),"忌不是4字 ","")&IF(LEN(F56)>26,"宜英文偏长 ","")&IF(LEN(H56)>26,"忌英文偏长",""))
A57: 造畜稠 | B57: 修建牲畜棚圈 | C57: 161 | D57: 9 | E57: 布置小窝 | F57: Make your corner cozy | G57: 堆满日程 | H57: Pack your schedule | I57: =TRIM(IF(AND(E57<>"",LEN(E57)<>4),"宜不是4字 ","")&IF(AND(G57<>"",LEN(G57)<>4),"忌不是4字 ","")&IF(LEN(F57)>26,"宜英文偏长 ","")&IF(LEN(H57)>26,"忌英文偏长",""))
A58: 开池 | B58: 开挖池塘 | C58: 140 | D58: 29 | E58: 看鱼游泳 | F58: Watch the fish swim | G58: 竭泽而渔 | H58: Drain the pond dry | I58: =TRIM(IF(AND(E58<>"",LEN(E58)<>4),"宜不是4字 ","")&IF(AND(G58<>"",LEN(G58)<>4),"忌不是4字 ","")&IF(LEN(F58)>26,"宜英文偏长 ","")&IF(LEN(H58)>26,"忌英文偏长",""))
A59: 畋猎 | B59: 打猎 | C59: 169 | D59: 0 | E59: 逛来逛去 | F59: Wander at leisure | I59: =TRIM(IF(AND(E59<>"",LEN(E59)<>4),"宜不是4字 ","")&IF(AND(G59<>"",LEN(G59)<>4),"忌不是4字 ","")&IF(LEN(F59)>26,"宜英文偏长 ","")&IF(LEN(H59)>26,"忌英文偏长",""))
A60: 塞穴 | B60: 堵塞洞穴 | C60: 164 | D60: 4 | E60: 补个好觉 | F60: Catch up on sleep | G60: 填满空闲 | H60: Fill every free minute | I60: =TRIM(IF(AND(E60<>"",LEN(E60)<>4),"宜不是4字 ","")&IF(AND(G60<>"",LEN(G60)<>4),"忌不是4字 ","")&IF(LEN(F60)>26,"宜英文偏长 ","")&IF(LEN(H60)>26,"忌英文偏长",""))
A61: 立碑 | B61: 竖立墓碑 | C61: 163 | D61: 5 | E61: 记下美事 | F61: Note a good moment | G61: 树立丰碑 | H61: Build your legacy | I61: =TRIM(IF(AND(E61<>"",LEN(E61)<>4),"宜不是4字 ","")&IF(AND(G61<>"",LEN(G61)<>4),"忌不是4字 ","")&IF(LEN(F61)>26,"宜英文偏长 ","")&IF(LEN(H61)>26,"忌英文偏长",""))
A62: 塑绘 | B62: 塑像、绘画 | C62: 151 | D62: 4 | E62: 随手画画 | F62: Doodle something | G62: 经营人设 | H62: Curate your image | I62: =TRIM(IF(AND(E62<>"",LEN(E62)<>4),"宜不是4字 ","")&IF(AND(G62<>"",LEN(G62)<>4),"忌不是4字 ","")&IF(LEN(F62)>26,"宜英文偏长 ","")&IF(LEN(H62)>26,"忌英文偏长",""))
A63: 坏垣 | B63: 拆毁墙垣 | C63: 145 | D63: 0 | E63: 打破常规 | F63: Break your routine | I63: =TRIM(IF(AND(E63<>"",LEN(E63)<>4),"宜不是4字 ","")&IF(AND(G63<>"",LEN(G63)<>4),"忌不是4字 ","")&IF(LEN(F63)>26,"宜英文偏长 ","")&IF(LEN(H63)>26,"忌英文偏长",""))
A64: 作梁 | B64: 制作房梁 | C64: 49 | D64: 95 | E64: 挺直腰背 | F64: Straighten your back | G64: 独挑大梁 | H64: Carry the whole team | I64: =TRIM(IF(AND(E64<>"",LEN(E64)<>4),"宜不是4字 ","")&IF(AND(G64<>"",LEN(G64)<>4),"忌不是4字 ","")&IF(LEN(F64)>26,"宜英文偏长 ","")&IF(LEN(H64)>26,"忌英文偏长",""))
A65: 破屋 | B65: 拆除房屋 | C65: 143 | D65: 0 | E65: 走出屋子 | F65: Step outside | I65: =TRIM(IF(AND(E65<>"",LEN(E65)<>4),"宜不是4字 ","")&IF(AND(G65<>"",LEN(G65)<>4),"忌不是4字 ","")&IF(LEN(F65)>26,"宜英文偏长 ","")&IF(LEN(H65)>26,"忌英文偏长",""))
A66: 挂匾 | B66: 悬挂匾额 | C66: 128 | D66: 7 | E66: 挂幅小画 | F66: Hang a little picture | G66: 炫耀成绩 | H66: Show off your wins | I66: =TRIM(IF(AND(E66<>"",LEN(E66)<>4),"宜不是4字 ","")&IF(AND(G66<>"",LEN(G66)<>4),"忌不是4字 ","")&IF(LEN(F66)>26,"宜英文偏长 ","")&IF(LEN(H66)>26,"忌英文偏长",""))
A67: 求医 | B67: 看医生 | C67: 133 | D67: 0 | E67: 预约体检 | F67: Book a check-up | I67: =TRIM(IF(AND(E67<>"",LEN(E67)<>4),"宜不是4字 ","")&IF(AND(G67<>"",LEN(G67)<>4),"忌不是4字 ","")&IF(LEN(F67)>26,"宜英文偏长 ","")&IF(LEN(H67)>26,"忌英文偏长",""))
A68: 置产 | B68: 购置产业 | C68: 60 | D68: 69 | E68: 买束鲜花 | F68: Buy yourself flowers | G68: 贪多求快 | H68: Rush for more | I68: =TRIM(IF(AND(E68<>"",LEN(E68)<>4),"宜不是4字 ","")&IF(AND(G68<>"",LEN(G68)<>4),"忌不是4字 ","")&IF(LEN(F68)>26,"宜英文偏长 ","")&IF(LEN(H68)>26,"忌英文偏长",""))
A69: 开仓 | B69: 开仓出货 | C69: 50 | D69: 79 | E69: 分享零食 | F69: Share your snacks | G69: 全仓押注 | H69: Bet it all | I69: =TRIM(IF(AND(E69<>"",LEN(E69)<>4),"宜不是4字 ","")&IF(AND(G69<>"",LEN(G69)<>4),"忌不是4字 ","")&IF(LEN(F69)>26,"宜英文偏长 ","")&IF(LEN(H69)>26,"忌英文偏长",""))
A70: 经络 | B70: 纺织（安装织机） | C70: 97 | D70: 31 | E70: 按按肩颈 | F70: Rub your shoulders | G70: 久坐不动 | H70: Sit all day | I70: =TRIM(IF(AND(E70<>"",LEN(E70)<>4),"宜不是4字 ","")&IF(AND(G70<>"",LEN(G70)<>4),"忌不是4字 ","")&IF(LEN(F70)>26,"宜英文偏长 ","")&IF(LEN(H70)>26,"忌英文偏长",""))
A71: 平治道涂 | B71: 修整道路 | C71: 118 | D71: 0 | E71: 绕路散步 | F71: Take the long way round | I71: =TRIM(IF(AND(E71<>"",LEN(E71)<>4),"宜不是4字 ","")&IF(AND(G71<>"",LEN(G71)<>4),"忌不是4字 ","")&IF(LEN(F71)>26,"宜英文偏长 ","")&IF(LEN(H71)>26,"忌英文偏长",""))
A72: 造庙 | B72: 建造庙宇 | C72: 39 | D72: 79 | E72: 公园坐坐 | F72: Sit in a park | G72: 盲目崇拜 | H72: Worship success | I72: =TRIM(IF(AND(E72<>"",LEN(E72)<>4),"宜不是4字 ","")&IF(AND(G72<>"",LEN(G72)<>4),"忌不是4字 ","")&IF(LEN(F72)>26,"宜英文偏长 ","")&IF(LEN(H72)>26,"忌英文偏长",""))
A73: 造桥 | B73: 建桥 | C73: 24 | D73: 89 | E73: 联系旧友 | F73: Reach out to someone | G73: 刻意社交 | H73: Network for gain | I73: =TRIM(IF(AND(E73<>"",LEN(E73)<>4),"宜不是4字 ","")&IF(AND(G73<>"",LEN(G73)<>4),"忌不是4字 ","")&IF(LEN(F73)>26,"宜英文偏长 ","")&IF(LEN(H73)>26,"忌英文偏长",""))
A74: 定磉 | B74: 安放柱下石墩 | C74: 100 | D74: 12 | E74: 双脚落地 | F74: Feel the ground | G74: 求稳求全 | H74: Try to control it all | I74: =TRIM(IF(AND(E74<>"",LEN(E74)<>4),"宜不是4字 ","")&IF(AND(G74<>"",LEN(G74)<>4),"忌不是4字 ","")&IF(LEN(F74)>26,"宜英文偏长 ","")&IF(LEN(H74)>26,"忌英文偏长",""))
A75: 造船 | B75: 造船 | C75: 32 | D75: 76 | E75: 去看看海 | F75: Go see the sea | G75: 赶上风口 | H75: Ride the next big wave | I75: =TRIM(IF(AND(E75<>"",LEN(E75)<>4),"宜不是4字 ","")&IF(AND(G75<>"",LEN(G75)<>4),"忌不是4字 ","")&IF(LEN(F75)>26,"宜英文偏长 ","")&IF(LEN(H75)>26,"忌英文偏长",""))
A76: 探病 | B76: 探望病人 | C76: 0 | D76: 97 | G76: 打听薪水 | H76: Compare salaries | I76: =TRIM(IF(AND(E76<>"",LEN(E76)<>4),"宜不是4字 ","")&IF(AND(G76<>"",LEN(G76)<>4),"忌不是4字 ","")&IF(LEN(F76)>26,"宜英文偏长 ","")&IF(LEN(H76)>26,"忌英文偏长",""))
A77: 合寿木 | B77: 制作棺木 | C77: 39 | D77: 55 | E77: 做个手工 | F77: Make something by hand | G77: 忧心明日 | H77: Worry about tomorrow | I77: =TRIM(IF(AND(E77<>"",LEN(E77)<>4),"宜不是4字 ","")&IF(AND(G77<>"",LEN(G77)<>4),"忌不是4字 ","")&IF(LEN(F77)>26,"宜英文偏长 ","")&IF(LEN(H77)>26,"忌英文偏长",""))
A78: 放水 | B78: 放水入田 | C78: 91 | D78: 0 | E78: 放自己假 | F78: Give yourself a break | I78: =TRIM(IF(AND(E78<>"",LEN(E78)<>4),"宜不是4字 ","")&IF(AND(G78<>"",LEN(G78)<>4),"忌不是4字 ","")&IF(LEN(F78)>26,"宜英文偏长 ","")&IF(LEN(H78)>26,"忌英文偏长",""))
A79: 诸事不宜 | B79: 什么事都不宜（特殊日） | C79: 16 | D79: 75 | E79: 无所事事 | F79: Do nothing at all | G79: 样样都做 | H79: Try to do it all | I79: =TRIM(IF(AND(E79<>"",LEN(E79)<>4),"宜不是4字 ","")&IF(AND(G79<>"",LEN(G79)<>4),"忌不是4字 ","")&IF(LEN(F79)>26,"宜英文偏长 ","")&IF(LEN(H79)>26,"忌英文偏长",""))
A80: 补垣 | B80: 修补墙垣 | C80: 86 | D80: 3 | E80: 喝杯好茶 | F80: Brew a good tea | G80: 补位加班 | H80: Cover everyone’s shift | I80: =TRIM(IF(AND(E80<>"",LEN(E80)<>4),"宜不是4字 ","")&IF(AND(G80<>"",LEN(G80)<>4),"忌不是4字 ","")&IF(LEN(F80)>26,"宜英文偏长 ","")&IF(LEN(H80)>26,"忌英文偏长",""))
A81: 造车器 | B81: 制造车具 | C81: 86 | D81: 0 | E81: 骑骑单车 | F81: Go for a bike ride | I81: =TRIM(IF(AND(E81<>"",LEN(E81)<>4),"宜不是4字 ","")&IF(AND(G81<>"",LEN(G81)<>4),"忌不是4字 ","")&IF(LEN(F81)>26,"宜英文偏长 ","")&IF(LEN(H81)>26,"忌英文偏长",""))
A82: 修饰垣墙 | B82: 粉饰墙面 | C82: 83 | D82: 0 | E82: 拉开窗帘 | F82: Open the curtains | I82: =TRIM(IF(AND(E82<>"",LEN(E82)<>4),"宜不是4字 ","")&IF(AND(G82<>"",LEN(G82)<>4),"忌不是4字 ","")&IF(LEN(F82)>26,"宜英文偏长 ","")&IF(LEN(H82)>26,"忌英文偏长",""))
A83: 出货财 | B83: 出售货物 | C83: 42 | D83: 41 | E83: 请人吃饭 | F83: Treat someone to a meal | G83: 急着变现 | H83: Cash in everything | I83: =TRIM(IF(AND(E83<>"",LEN(E83)<>4),"宜不是4字 ","")&IF(AND(G83<>"",LEN(G83)<>4),"忌不是4字 ","")&IF(LEN(F83)>26,"宜英文偏长 ","")&IF(LEN(H83)>26,"忌英文偏长",""))
A84: 入学 | B84: 入学拜师 | C84: 75 | D84: 6 | E84: 读几页书 | F84: Read a few pages | G84: 疯狂报班 | H84: Sign up for every course | I84: =TRIM(IF(AND(E84<>"",LEN(E84)<>4),"宜不是4字 ","")&IF(AND(G84<>"",LEN(G84)<>4),"忌不是4字 ","")&IF(LEN(F84)>26,"宜英文偏长 ","")&IF(LEN(H84)>26,"忌英文偏长",""))
A85: 教牛马 | B85: 训练牛马 | C85: 80 | D85: 0 | E85: 不当牛马 | F85: Stop being a workhorse | I85: =TRIM(IF(AND(E85<>"",LEN(E85)<>4),"宜不是4字 ","")&IF(AND(G85<>"",LEN(G85)<>4),"忌不是4字 ","")&IF(LEN(F85)>26,"宜英文偏长 ","")&IF(LEN(H85)>26,"忌英文偏长",""))
A86: 开生坟 | B86: 生前预造坟墓 | C86: 53 | D86: 23 | E86: 留白片刻 | F86: Leave some blank space | G86: 杞人忧天 | H86: Worry the sky will fall | I86: =TRIM(IF(AND(E86<>"",LEN(E86)<>4),"宜不是4字 ","")&IF(AND(G86<>"",LEN(G86)<>4),"忌不是4字 ","")&IF(LEN(F86)>26,"宜英文偏长 ","")&IF(LEN(H86)>26,"忌英文偏长",""))
A87: 合帐 | B87: 制作蚊帐 | C87: 58 | D87: 17 | E87: 午睡片刻 | F87: Take a nap | G87: 不眠不休 | H87: Go without rest | I87: =TRIM(IF(AND(E87<>"",LEN(E87)<>4),"宜不是4字 ","")&IF(AND(G87<>"",LEN(G87)<>4),"忌不是4字 ","")&IF(LEN(F87)>26,"宜英文偏长 ","")&IF(LEN(H87)>26,"忌英文偏长",""))
A88: 架马 | B88: 架设木工马架 | C88: 45 | D88: 24 | E88: 慢跑一圈 | F88: Go for a gentle jog | G88: 马不停蹄 | H88: Never stop | I88: =TRIM(IF(AND(E88<>"",LEN(E88)<>4),"宜不是4字 ","")&IF(AND(G88<>"",LEN(G88)<>4),"忌不是4字 ","")&IF(LEN(F88)>26,"宜英文偏长 ","")&IF(LEN(H88)>26,"忌英文偏长",""))
A89: 开厕 | B89: 修建厕所 | C89: 59 | D89: 4 | E89: 清空大脑 | F89: Empty your mind | G89: 憋着干活 | H89: Skip your breaks | I89: =TRIM(IF(AND(E89<>"",LEN(E89)<>4),"宜不是4字 ","")&IF(AND(G89<>"",LEN(G89)<>4),"忌不是4字 ","")&IF(LEN(F89)>26,"宜英文偏长 ","")&IF(LEN(H89)>26,"忌英文偏长",""))
A90: 词讼 | B90: 打官司 | C90: 0 | D90: 62 | G90: 争个输赢 | H90: Fight to win | I90: =TRIM(IF(AND(E90<>"",LEN(E90)<>4),"宜不是4字 ","")&IF(AND(G90<>"",LEN(G90)<>4),"忌不是4字 ","")&IF(LEN(F90)>26,"宜英文偏长 ","")&IF(LEN(H90)>26,"忌英文偏长",""))
A91: 开渠 | B91: 开挖水渠 | C91: 23 | D91: 38 | E91: 倾诉心事 | F91: Talk it out | G91: 开个副业 | H91: Start a side hustle | I91: =TRIM(IF(AND(E91<>"",LEN(E91)<>4),"宜不是4字 ","")&IF(AND(G91<>"",LEN(G91)<>4),"忌不是4字 ","")&IF(LEN(F91)>26,"宜英文偏长 ","")&IF(LEN(H91)>26,"忌英文偏长",""))
A92: 取渔 | B92: 捕鱼 | C92: 56 | D92: 3 | E92: 河边坐坐 | F92: Sit by the water | G92: 抢抓机会 | H92: Grab every chance | I92: =TRIM(IF(AND(E92<>"",LEN(E92)<>4),"宜不是4字 ","")&IF(AND(G92<>"",LEN(G92)<>4),"忌不是4字 ","")&IF(LEN(F92)>26,"宜英文偏长 ","")&IF(LEN(H92)>26,"忌英文偏长",""))
A93: 造仓 | B93: 建造仓库 | C93: 55 | D93: 0 | E93: 攒点快乐 | F93: Save up small joys | I93: =TRIM(IF(AND(E93<>"",LEN(E93)<>4),"宜不是4字 ","")&IF(AND(G93<>"",LEN(G93)<>4),"忌不是4字 ","")&IF(LEN(F93)>26,"宜英文偏长 ","")&IF(LEN(H93)>26,"忌英文偏长",""))
A94: 无 | B94: 无所忌讳（特殊日） | C94: 0 | D94: 55 | G94: 百无禁忌 | H94: Nothing is off-limits | I94: =TRIM(IF(AND(E94<>"",LEN(E94)<>4),"宜不是4字 ","")&IF(AND(G94<>"",LEN(G94)<>4),"忌不是4字 ","")&IF(LEN(F94)>26,"宜英文偏长 ","")&IF(LEN(H94)>26,"忌英文偏长",""))
A95: 赴任 | B95: 上任就职 | C95: 32 | D95: 22 | E95: 早点下班 | F95: Leave work early | G95: 争当第一 | H95: Fight for first place | I95: =TRIM(IF(AND(E95<>"",LEN(E95)<>4),"宜不是4字 ","")&IF(AND(G95<>"",LEN(G95)<>4),"忌不是4字 ","")&IF(LEN(F95)>26,"宜英文偏长 ","")&IF(LEN(H95)>26,"忌英文偏长",""))
A96: 安碓磑 | B96: 安装石臼石磨 | C96: 44 | D96: 5 | E96: 磨杯咖啡 | F96: Grind some coffee | G96: 打磨到死 | H96: Polish it to death | I96: =TRIM(IF(AND(E96<>"",LEN(E96)<>4),"宜不是4字 ","")&IF(AND(G96<>"",LEN(G96)<>4),"忌不是4字 ","")&IF(LEN(F96)>26,"宜英文偏长 ","")&IF(LEN(H96)>26,"忌英文偏长",""))
A97: 针灸 | B97: 针灸治疗 | C97: 23 | D97: 22 | E97: 做做按摩 | F97: Get a massage | G97: 针锋相对 | H97: Fight fire with fire | I97: =TRIM(IF(AND(E97<>"",LEN(E97)<>4),"宜不是4字 ","")&IF(AND(G97<>"",LEN(G97)<>4),"忌不是4字 ","")&IF(LEN(F97)>26,"宜英文偏长 ","")&IF(LEN(H97)>26,"忌英文偏长",""))
A98: 整手足甲 | B98: 修剪指甲 | C98: 45 | D98: 0 | E98: 修修指甲 | F98: Trim your nails | I98: =TRIM(IF(AND(E98<>"",LEN(E98)<>4),"宜不是4字 ","")&IF(AND(G98<>"",LEN(G98)<>4),"忌不是4字 ","")&IF(LEN(F98)>26,"宜英文偏长 ","")&IF(LEN(H98)>26,"忌英文偏长",""))
A99: 合脊 | B99: 屋脊合拢 | C99: 41 | D99: 4 | E99: 静听雨声 | F99: Listen to the rain | G99: 封顶冲刺 | H99: Sprint to the finish | I99: =TRIM(IF(AND(E99<>"",LEN(E99)<>4),"宜不是4字 ","")&IF(AND(G99<>"",LEN(G99)<>4),"忌不是4字 ","")&IF(LEN(F99)>26,"宜英文偏长 ","")&IF(LEN(H99)>26,"忌英文偏长",""))
A100: 开柱眼 | B100: 在柱上开孔 | C100: 42 | D100: 0 | E100: 闭目养神 | F100: Close your eyes and rest | I100: =TRIM(IF(AND(E100<>"",LEN(E100)<>4),"宜不是4字 ","")&IF(AND(G100<>"",LEN(G100)<>4),"忌不是4字 ","")&IF(LEN(F100)>26,"宜英文偏长 ","")&IF(LEN(H100)>26,"忌英文偏长",""))
A101: 普渡 | B101: 超度亡魂 | C101: 40 | D101: 0 | E101: 善待自己 | F101: Be kind to yourself | I101: =TRIM(IF(AND(E101<>"",LEN(E101)<>4),"宜不是4字 ","")&IF(AND(G101<>"",LEN(G101)<>4),"忌不是4字 ","")&IF(LEN(F101)>26,"宜英文偏长 ","")&IF(LEN(H101)>26,"忌英文偏长",""))
A102: 雕刻 | B102: 雕刻 | C102: 36 | D102: 0 | E102: 慢做一事 | F102: Do one thing slowly | I102: =TRIM(IF(AND(E102<>"",LEN(E102)<>4),"宜不是4字 ","")&IF(AND(G102<>"",LEN(G102)<>4),"忌不是4字 ","")&IF(LEN(F102)>26,"宜英文偏长 ","")&IF(LEN(H102)>26,"忌英文偏长",""))
A103: 断蚁 | B103: 除灭白蚁 | C103: 29 | D103: 0 | E103: 放过小事 | F103: Let small things slide | I103: =TRIM(IF(AND(E103<>"",LEN(E103)<>4),"宜不是4字 ","")&IF(AND(G103<>"",LEN(G103)<>4),"忌不是4字 ","")&IF(LEN(F103)>26,"宜英文偏长 ","")&IF(LEN(H103)>26,"忌英文偏长",""))
A104: 筑堤 | B104: 修筑堤坝 | C104: 26 | D104: 0 | E104: 守住边界 | F104: Keep your boundaries | I104: =TRIM(IF(AND(E104<>"",LEN(E104)<>4),"宜不是4字 ","")&IF(AND(G104<>"",LEN(G104)<>4),"忌不是4字 ","")&IF(LEN(F104)>26,"宜英文偏长 ","")&IF(LEN(H104)>26,"忌英文偏长",""))
A105: 习艺 | B105: 学习技艺 | C105: 26 | D105: 0 | E105: 弹首小曲 | F105: Play a little tune | I105: =TRIM(IF(AND(E105<>"",LEN(E105)<>4),"宜不是4字 ","")&IF(AND(G105<>"",LEN(G105)<>4),"忌不是4字 ","")&IF(LEN(F105)>26,"宜英文偏长 ","")&IF(LEN(H105)>26,"忌英文偏长",""))
A106: 问名 | B106: 问名纳吉（婚俗） | C106: 21 | D106: 4 | E106: 问声你好 | F106: Say hello to a neighbor | G106: 打探底细 | H106: Size people up | I106: =TRIM(IF(AND(E106<>"",LEN(E106)<>4),"宜不是4字 ","")&IF(AND(G106<>"",LEN(G106)<>4),"忌不是4字 ","")&IF(LEN(F106)>26,"宜英文偏长 ","")&IF(LEN(H106)>26,"忌英文偏长",""))
...

Sheet 预览
A1: 日期 | B1: 星期 | C1: 农历 | D1: 宜·老词 | E1: A day for · 中文 | F1: A day for · English | G1: 忌·老词 | H1: Not for today · 中文 | I1: Not for today · English
A2: 46311 | B2: ="周"&CHOOSE(WEEKDAY(A2),"日","一","二","三","四","五","六") -> 周五 | C2: 九月初七 | D2: 合脊 | E2: =IFERROR(INDEX(词典!$E$2:$E$115,MATCH(D2,词典!$A$2:$A$115,0)),"") -> 静听雨声 | F2: =IFERROR(INDEX(词典!$F$2:$F$115,MATCH(D2,词典!$A$2:$A$115,0)),"") -> Listen to the rain | G2: 安葬 | H2: =IFERROR(INDEX(词典!$G$2:$G$115,MATCH(G2,词典!$A$2:$A$115,0)),"") -> 埋头苦干 | I2: =IFERROR(INDEX(词典!$H$2:$H$115,MATCH(G2,词典!$A$2:$A$115,0)),"") -> Bury yourself in work
A3: 46312 | B3: ="周"&CHOOSE(WEEKDAY(A3),"日","一","二","三","四","五","六") -> 周六 | C3: 九月初八 | D3: 理发 | E3: =IFERROR(INDEX(词典!$E$2:$E$115,MATCH(D3,词典!$A$2:$A$115,0)),"") -> 剪个头发 | F3: =IFERROR(INDEX(词典!$F$2:$F$115,MATCH(D3,词典!$A$2:$A$115,0)),"") -> Get a haircut | G3: 入宅 | H3: =IFERROR(INDEX(词典!$G$2:$G$115,MATCH(G3,词典!$A$2:$A$115,0)),"") -> 与人攀比 | I3: =IFERROR(INDEX(词典!$H$2:$H$115,MATCH(G3,词典!$A$2:$A$115,0)),"") -> Compare yourself
A4: 46313 | B4: ="周"&CHOOSE(WEEKDAY(A4),"日","一","二","三","四","五","六") -> 周日 | C4: 九月初九 | D4: 造畜稠 | E4: =IFERROR(INDEX(词典!$E$2:$E$115,MATCH(D4,词典!$A$2:$A$115,0)),"") -> 布置小窝 | F4: =IFERROR(INDEX(词典!$F$2:$F$115,MATCH(D4,词典!$A$2:$A$115,0)),"") -> Make your corner cozy | G4: 嫁娶 | H4: =IFERROR(INDEX(词典!$G$2:$G$115,MATCH(G4,词典!$A$2:$A$115,0)),"") -> 一口答应 | I4: =IFERROR(INDEX(词典!$H$2:$H$115,MATCH(G4,词典!$A$2:$A$115,0)),"") -> Say yes to everything
A5: 46314 | B5: ="周"&CHOOSE(WEEKDAY(A5),"日","一","二","三","四","五","六") -> 周一 | C5: 九月初十 | D5: 破土 | E5: =IFERROR(INDEX(词典!$E$2:$E$115,MATCH(D5,词典!$A$2:$A$115,0)),"") -> 种点花草 | F5: =IFERROR(INDEX(词典!$F$2:$F$115,MATCH(D5,词典!$A$2:$A$115,0)),"") -> Plant something | G5: 置产 | H5: =IFERROR(INDEX(词典!$G$2:$G$115,MATCH(G5,词典!$A$2:$A$115,0)),"") -> 贪多求快 | I5: =IFERROR(INDEX(词典!$H$2:$H$115,MATCH(G5,词典!$A$2:$A$115,0)),"") -> Rush for more
A6: 46315 | B6: ="周"&CHOOSE(WEEKDAY(A6),"日","一","二","三","四","五","六") -> 周二 | C6: 九月十一 | D6: 祈福 | E6: =IFERROR(INDEX(词典!$E$2:$E$115,MATCH(D6,词典!$A$2:$A$115,0)),"") -> 许个心愿 | F6: =IFERROR(INDEX(词典!$F$2:$F$115,MATCH(D6,词典!$A$2:$A$115,0)),"") -> Make a small wish | G6: 移徙 | H6: =IFERROR(INDEX(词典!$G$2:$G$115,MATCH(G6,词典!$A$2:$A$115,0)),"") -> 跳槽加薪 | I6: =IFERROR(INDEX(词典!$H$2:$H$115,MATCH(G6,词典!$A$2:$A$115,0)),"") -> Job-hop for a raise
A7: 46316 | B7: ="周"&CHOOSE(WEEKDAY(A7),"日","一","二","三","四","五","六") -> 周三 | C7: 九月十二 | D7: 破屋 | E7: =IFERROR(INDEX(词典!$E$2:$E$115,MATCH(D7,词典!$A$2:$A$115,0)),"") -> 走出屋子 | F7: =IFERROR(INDEX(词典!$F$2:$F$115,MATCH(D7,词典!$A$2:$A$115,0)),"") -> Step outside | G7: 上梁 | H7: =IFERROR(INDEX(词典!$G$2:$G$115,MATCH(G7,词典!$A$2:$A$115,0)),"") -> 硬扛到底 | I7: =IFERROR(INDEX(词典!$H$2:$H$115,MATCH(G7,词典!$A$2:$A$115,0)),"") -> Tough it out alone
A8: 46317 | B8: ="周"&CHOOSE(WEEKDAY(A8),"日","一","二","三","四","五","六") -> 周四 | C8: 九月十三 | D8: 祭祀 | E8: =IFERROR(INDEX(词典!$E$2:$E$115,MATCH(D8,词典!$A$2:$A$115,0)),"") -> 打给爸妈 | F8: =IFERROR(INDEX(词典!$F$2:$F$115,MATCH(D8,词典!$A$2:$A$115,0)),"") -> Call your parents | G8: 安葬 | H8: =IFERROR(INDEX(词典!$G$2:$G$115,MATCH(G8,词典!$A$2:$A$115,0)),"") -> 埋头苦干 | I8: =IFERROR(INDEX(词典!$H$2:$H$115,MATCH(G8,词典!$A$2:$A$115,0)),"") -> Bury yourself in work
A9: 46318 | B9: ="周"&CHOOSE(WEEKDAY(A9),"日","一","二","三","四","五","六") -> 周五 | C9: 九月十四 | D9: 安葬 | E9: =IFERROR(INDEX(词典!$E$2:$E$115,MATCH(D9,词典!$A$2:$A$115,0)),"") -> 放下旧事 | F9: =IFERROR(INDEX(词典!$F$2:$F$115,MATCH(D9,词典!$A$2:$A$115,0)),"") -> Let old things rest | G9: 起基 | H9: =IFERROR(INDEX(词典!$G$2:$G$115,MATCH(G9,词典!$A$2:$A$115,0)),"") -> 规划十年 | I9: =IFERROR(INDEX(词典!$H$2:$H$115,MATCH(G9,词典!$A$2:$A$115,0)),"") -> Plan the next ten years
A10: 46319 | B10: ="周"&CHOOSE(WEEKDAY(A10),"日","一","二","三","四","五","六") -> 周六 | C10: 九月十五 | D10: 纳财 | E10: =IFERROR(INDEX(词典!$E$2:$E$115,MATCH(D10,词典!$A$2:$A$115,0)),"") -> 收下好意 | F10: =IFERROR(INDEX(词典!$F$2:$F$115,MATCH(D10,词典!$A$2:$A$115,0)),"") -> Accept a kindness | G10: 开池 | H10: =IFERROR(INDEX(词典!$G$2:$G$115,MATCH(G10,词典!$A$2:$A$115,0)),"") -> 竭泽而渔 | I10: =IFERROR(INDEX(词典!$H$2:$H$115,MATCH(G10,词典!$A$2:$A$115,0)),"") -> Drain the pond dry
A11: 46320 | B11: ="周"&CHOOSE(WEEKDAY(A11),"日","一","二","三","四","五","六") -> 周日 | C11: 九月十六 | D11: 立碑 | E11: =IFERROR(INDEX(词典!$E$2:$E$115,MATCH(D11,词典!$A$2:$A$115,0)),"") -> 记下美事 | F11: =IFERROR(INDEX(词典!$F$2:$F$115,MATCH(D11,词典!$A$2:$A$115,0)),"") -> Note a good moment | G11: 裁衣 | H11: =IFERROR(INDEX(词典!$G$2:$G$115,MATCH(G11,词典!$A$2:$A$115,0)),"") -> 冲动消费 | I11: =IFERROR(INDEX(词典!$H$2:$H$115,MATCH(G11,词典!$A$2:$A$115,0)),"") -> Shop on impulse
A12: 46321 | B12: ="周"&CHOOSE(WEEKDAY(A12),"日","一","二","三","四","五","六") -> 周一 | C12: 九月十七 | D12: 嫁娶 | E12: =IFERROR(INDEX(词典!$E$2:$E$115,MATCH(D12,词典!$A$2:$A$115,0)),"") -> 拥抱家人 | F12: =IFERROR(INDEX(词典!$F$2:$F$115,MATCH(D12,词典!$A$2:$A$115,0)),"") -> Hug your family | G12: 置产 | H12: =IFERROR(INDEX(词典!$G$2:$G$115,MATCH(G12,词典!$A$2:$A$115,0)),"") -> 贪多求快 | I12: =IFERROR(INDEX(词典!$H$2:$H$115,MATCH(G12,词典!$A$2:$A$115,0)),"") -> Rush for more
A13: 46322 | B13: ="周"&CHOOSE(WEEKDAY(A13),"日","一","二","三","四","五","六") -> 周二 | C13: 九月十八 | D13: 造畜稠 | E13: =IFERROR(INDEX(词典!$E$2:$E$115,MATCH(D13,词典!$A$2:$A$115,0)),"") -> 布置小窝 | F13: =IFERROR(INDEX(词典!$F$2:$F$115,MATCH(D13,词典!$A$2:$A$115,0)),"") -> Make your corner cozy | G13: 开渠 | H13: =IFERROR(INDEX(词典!$G$2:$G$115,MATCH(G13,词典!$A$2:$A$115,0)),"") -> 开个副业 | I13: =IFERROR(INDEX(词典!$H$2:$H$115,MATCH(G13,词典!$A$2:$A$115,0)),"") -> Start a side hustle
... A31: 46340 | B31: ="周"&CHOOSE(WEEKDAY(A31),"日","一","二","三","四","五","六") -> 周六 | C31: 十月初六 | D31: 进人口 | E31: =IFERROR(INDEX(词典!$E$2:$E$115,MATCH(D31,词典!$A$2:$A$115,0)),"") -> 认识新友 | F31: =IFERROR(INDEX(词典!$F$2:$F$115,MATCH(D31,词典!$A$2:$A$115,0)),"") -> Make a new friend | G31: 造船 | H31: =IFERROR(INDEX(词典!$G$2:$G$115,MATCH(G31,词典!$A$2:$A$115,0)),"") -> 赶上风口 | I31: =IFERROR(INDEX(词典!$H$2:$H$115,MATCH(G31,词典!$A$2:$A$115,0)),"") -> Ride the next big wave
